{"cameraMode":{"drawMode":0,"name":"Shaded","section":"Shading Mode"},"sceneLighting":false,"audioPlay":false,"sceneViewState":{"showFog":true,"showMaterialUpdate":false,"showSkybox":false,"showFlares":true,"showImageEffects":true,"showParticleSystems":true,"showVisualEffectGraphs":true,"m_FxEnabled":true},"in2DMode":false,"pivot":{"x":0.13640567660331727,"y":-0.9856629371643066,"z":37.064884185791019},"rotation":{"x":0.037643417716026309,"y":0.01886279135942459,"z":0.0360681377351284,"w":0.9962749481201172},"size":20.67291831970215,"orthographic":false}