{"cameraMode":{"drawMode":0,"name":"Shaded","section":"Shading Mode"},"sceneLighting":false,"audioPlay":false,"sceneViewState":{"showFog":false,"showMaterialUpdate":false,"showSkybox":false,"showFlares":false,"showImageEffects":false,"showParticleSystems":false,"showVisualEffectGraphs":true,"m_FxEnabled":true},"in2DMode":false,"pivot":{"x":0.08432590961456299,"y":1.8618073463439942,"z":0.16132581233978272},"rotation":{"x":-0.06587234884500504,"y":-0.6716525554656982,"z":0.060405515134334567,"w":-0.7351570129394531},"size":2.9455926418304445,"orthographic":false}